{"stats":{"minecraft:custom":{"minecraft:time_since_rest":159099,"minecraft:sprint_one_cm":33691,"minecraft:inspect_dropper":1,"minecraft:walk_one_cm":75457,"minecraft:damage_taken":770,"minecraft:mob_kills":7,"minecraft:drop":53,"minecraft:damage_dealt":717,"minecraft:interact_with_crafting_table":4,"minecraft:fly_one_cm":1718373,"minecraft:open_chest":1,"minecraft:crouch_one_cm":2149,"minecraft:play_time":190811,"minecraft:deaths":3,"minecraft:sneak_time":5952,"minecraft:jump":324,"minecraft:leave_game":10,"minecraft:time_since_death":190445,"minecraft:total_world_time":6671,"minecraft:fall_one_cm":269},"minecraft:killed":{"minecraft:zombified_piglin":6},"minecraft:dropped":{"minecraft:repeating_command_block":1,"minecraft:ocelot_spawn_egg":24,"minecraft:dropper":112,"minecraft:ender_pearl":11,"minecraft:crafting_table":128,"minecraft:white_concrete":2,"minecraft:command_block":1,"minecraft:stick":31},"minecraft:used":{"minecraft:birch_fence":444,"minecraft:netherite_sword":8,"minecraft:jungle_leaves":442,"minecraft:cyan_terracotta":72,"minecraft:cow_spawn_egg":1,"minecraft:dropper":1,"minecraft:command_block":6,"minecraft:light_gray_concrete":254,"minecraft:red_concrete":1101,"minecraft:ender_pearl":10,"minecraft:ocelot_spawn_egg":117,"minecraft:lime_concrete":1090,"minecraft:light_blue_concrete":1120,"minecraft:crafting_table":4,"minecraft:yellow_concrete":1093,"minecraft:repeating_command_block":6,"minecraft:white_concrete":2369},"minecraft:picked_up":{"minecraft:rotten_flesh":4,"minecraft:gold_nugget":4},"minecraft:crafted":{"minecraft:bee_spawn_egg":25}},"DataVersion":3461}